######################################################################;;;;;;;;;;;;;;x;;;;,,,,,,,,,,,,,,,,,,,,,,,,,,,,,
# Events;;;;;;;;;;;;;;x;;;;,,,,,,,,,,,,,,,,,,,,,,,,,,,,,
######################################################################;;;;;;;;;;;;;;x;;;;,,,,,,,,,,,,,,,,,,,,,,,,,,,,,
# AssimilationTroubles.txt;;;;;;;;;;;;;;x;;;;,,,,,,,,,,,,,,,,,,,,,,,,,,,,,
EVTNAME2005;TODO;;;;;;;;;;;;;x;;;;,,,,,,,,,,,,,,,,,,,,,,,,,,,,,
EVTDESC2005;TODO;;;;;;;;;;;;;x;;;;,,,,,,,,,,,,,,,,,,,,,,,,,,,,,
EVTOPTA2005;TODO;;;;;;;;;;;;;x;;;;,,,,,,,,,,,,,,,,,,,,,,,,,,,,,
# CBsAndCores.txt;;;;;;;;;;;;;;x;;;;,,,,,,,,,,,,,,,,,,,,,,,,,,,,,
EVTNAME2575;Territorial Loss;;;;;;;;;;;;;x;;;;,,,,,,,,,,,,,,,,,,,,,,,,,,,,,
EVTDESC2575;As a result of recent action, some of our territories with multiple cores have been secede to another nation.;;;;;;;;;;;;;x;;;;,,,,,,,,,,,,,,,,,,,,,,,,,,,,
EVTOPTA2575;Somewhere we went astray...;;;;;;;;;;;;;x;;;;,,,,,,,,,,,,,,,,,,,,,,,,,,,,,
EVTNAME2580;Territorial Gain;;;;;;;;;;;;;x;;;;,,,,,,,,,,,,,,,,,,,,,,,,,,,,,
EVTDESC2580;As a result of recent action, we have gained territories with multiple cores from another nation.;;;;;;;;;;;;;x;;;;,,,,,,,,,,,,,,,,,,,,,,,,,,,,
EVTOPTA2580;Return excess territory.;;;;;;;;;;;;;x;;;;,,,,,,,,,,,,,,,,,,,,,,,,,,,,,
EVTOPTB2580;Keep all of our gains.;;;;;;;;;;;;;x;;;;,,,,,,,,,,,,,,,,,,,,,,,,,,,,,
EVTNAME2585;Vassal Breaks Away;;;;;;;;;;;;;x;;;;,,,,,,,,,,,,,,,,,,,,,,,,,,,,,
EVTDESC2585;$FROMCOUNTRY$ has had the audacity to declare themselves independent from our rule. We should restore order, and teach them a lesson while we're at it.;;;;;;;;;;;;;x;;;;,,,,,,,,,,,,,,,,,,,,,,,,,,,,
EVTOPTA2585;Beat them into submission!;;;;;;;;;;;;;x;;;;,,,,,,,,,,,,,,,,,,,,,,,,,,,,,
EVTOPTB2585;Our nation's resources are better focused elsewhere. Let's forget the whole ordeal.;;;;;;;;;;;;;x;;;;,,,,,,,,,,,,,,,,,,,,,,,,,,,,,
EVTNAME2590;Rebel Vassal;;;;;;;;;;;;;x;;;;,,,,,,,,,,,,,,,,,,,,,,,,,,,,,
EVTDESC2590;$FROMCOUNTRY$ has had the audacity to declare themselves independent from our rule and they declared war against us in an attempt to force us into submission. This will not stand.;;;;;;;;;;;;;x;;;;,,,,,,,,,,,,,,,,,,,,,,,,,,,,,
EVTOPTB2590;There shall be a reckoning, once, and for all!;;;;;;;;;;;;;x;;;;,,,,,,,,,,,,,,,,,,,,,,,,,,,
# IssueSuggestion.txt;;;;;;;;;;;;;;x;;;;,,,,,,,,,,,,,,,,,,,,,,,,,,,,,
EVTNAME4010;Benefits of Opening Up;;;;;;;;;;;;;x;;;;,,,,,,,,,,,,,,,,,,,,,,,,,,,,,
EVTDESC4010;TODO;;;;;;;;;;;;;x;;;;,,,,,,,,,,,,,,,,,,,,,,,,,,,,,
EVTOPTA4010;TODO;;;;;;;;;;;;;x;;;;,,,,,,,,,,,,,,,,,,,,,,,,,,,,,
EVTOPTB4010;TODO;;;;;;;;;;;;;x;;;;,,,,,,,,,,,,,,,,,,,,,,,,,,,,,
EVTOPTC4010;TODO;;;;;;;;;;;;;x;;;;,,,,,,,,,,,,,,,,,,,,,,,,,,,,,
EVTNAME4011;A Family in Need;;;;;;;;;;;;;x;;;;,,,,,,,,,,,,,,,,,,,,,,,,,,,,,
EVTDESC4011;TODO;;;;;;;;;;;;;x;;;;,,,,,,,,,,,,,,,,,,,,,,,,,,,,,
EVTOPTA4011;TODO;;;;;;;;;;;;;x;;;;,,,,,,,,,,,,,,,,,,,,,,,,,,,,,
EVTOPTB4011;TODO;;;;;;;;;;;;;x;;;;,,,,,,,,,,,,,,,,,,,,,,,,,,,,,
EVTOPTC4011;TODO;;;;;;;;;;;;;x;;;;,,,,,,,,,,,,,,,,,,,,,,,,,,,,,
EVTNAME4012;Immigrants Rally;;;;;;;;;;;;;x;;;;,,,,,,,,,,,,,,,,,,,,,,,,,,,,,
EVTDESC4012;TODO;;;;;;;;;;;;;x;;;;,,,,,,,,,,,,,,,,,,,,,,,,,,,,,
EVTOPTA4012;TODO;;;;;;;;;;;;;x;;;;,,,,,,,,,,,,,,,,,,,,,,,,,,,,,
EVTOPTB4012;TODO;;;;;;;;;;;;;x;;;;,,,,,,,,,,,,,,,,,,,,,,,,,,,,,
EVTOPTC4012;TODO;;;;;;;;;;;;;x;;;;,,,,,,,,,,,,,,,,,,,,,,,,,,,,,
EVTNAME4020;Immigrant Communities;;;;;;;;;;;;;x;;;;,,,,,,,,,,,,,,,,,,,,,,,,,,,,,
EVTDESC4020;Immigrants coming to our nation have begun to develop isolated communities among themselves, further slowing any process of assimilation and integration for them. Many of them feel that it is because of the harsh assimilation policies that was have instituted that they choose to do this. Regardless, the law is the law and they must make an attempt to integrate, or we will force them to.;;;;;;;;;;;;;x;;;;,,,,,,,,,,,,,,,,,,,,,,,,,,
EVTOPTA4020;Their actions are justified. We should change the laws to be more lenient.;;;;;;;;;;;;;x;;;;,,,,,,,,,,,,,,,,,,,,,,,,,,,,,
EVTOPTB4020;Immigrants? You mean they come here and expect special treatment? Haha!;;;;;;;;;;;;;x;;;;,,,,,,,,,,,,,,,,,,,,,,,,,,,,,
EVTNAME4021;'To the back!';;;;;;;;;;;;;x;;;;,,,,,,,,,,,,,,,,,,,,,,,,,,,,,
EVTDESC4021;The tram driver said to the migrant. To which the migrant replied with disobedience and immediately sat in the front most seat. Needless to say a fight broke out between the migrant and the tram driver. The police finally put an end to the ordeal, but this incident has sparked tensions with some of the minorities living under our rule. Many of them feel that they deserve special protections against persecution. We could implement new reforms, or choose to ignore the ordeal and hope it all blows over.;;;;;;;;;;;;;x;;;;,,,,,,,,,,,,,,,,,,,,,,,,,,,
EVTOPTA4021;This is ridiculous. Reform society. Our minorities should be better protected.;;;;;;;;;;;;;x;;;;,,,,,,,,,,,,,,,,,,,,,,,,,,,,,
EVTOPTB4021;Hm. It's such a lovely day outside. I think I'll go for a walk.;;;;;;;;;;;;;x;;;;,,,,,,,,,,,,,,,,,,,,,,,,,,,,,
EVTOPTC4021;I've had enough of this. Repeal any reforms. We need to teach these minorities a lesson.;;;;;;;;;;;;;x;;;;,,,,,,,,,,,,,,,,,,,,,,,,,,,,,
EVTNAME4022;Immigrants Demand More Rights;;;;;;;;;;;;;x;;;;,,,,,,,,,,,,,,,,,,,,,,,,,,,,,
EVTDESC4022;A protest has gathered in $CAPITAL$ demanding more rights to migrant workers in our country. They claim that their contribution to society has been absolutely fundamental and that we would not last a day without them. If this is true then their views certainly are warranted, however this is most likely the ridiculous and flamboyant speeches of some uneducated liberal migrant. Many of our citizens feel that they are taking their demands too far, and that minorities already have enough protection.;;;;;;;;;;;;;x;;;;,,,,,,,,,,,,,,,,,,,,,,,,,,,
EVTOPTA4022;No, I concur with them. We shall implement further reforms.;;;;;;;;;;;;;x;;;;,,,,,,,,,,,,,,,,,,,,,,,,,,,,
EVTOPTB4022;What else can they complain about? They already achieved equality. I cannot think of any further reforms we could implement for them!;;;;;;;;;;;;;x;;;;,,,,,,,,,,,,,,,,,,,,,,,,,,,,,
EVTOPTC4022;The absurdity of these demands cannot go unpunished. Repeal the last reforms we made. Perhaps this will show them that they live in $COUNTRY$ now!;;;;;;;;;;;;;x;;;;,,,,,,,,,,,,,,,,,,,,,,,,,,,,,
EVTNAME4023;Our Agitated People;;;;;;;;;;;;;x;;;;,,,,,,,,,,,,,,,,,,,,,,,,,,,,,
EVTDESC4023;Our people have become uneasy with the rights that we have allowed immigrants. Many of them feel that it gives immigrants an unfair advantage over the native born population. If we were to repeal reform to make competition between individual more level, perhaps this could appease them.;;;;;;;;;;;;;x;;;;,,,,,,,,,,,,,,,,,,,,,,,,,,,,
EVTOPTA4023;I agree. Our minorities do have too many protections.;;;;;;;;;;;;;x;;;;,,,,,,,,,,,,,,,,,,,,,,,,,,,,,
EVTOPTB4023;But what about all of the nice restaurants? Surely they should be thankful!;;;;;;;;;;;;;x;;;;,,,,,,,,,,,,,,,,,,,,,,,,,,,,,
EVTNAME4030;A Relic of the Past;;;;;;;;;;;;;x;;;;,,,,,,,,,,,,,,,,,,,,,,,,,,,,,
EVTDESC4030;Many in the international community view us with enmity when they see that our society still is feudal-like. While it is true that serfdom is becoming a relic of the past, it has dutifully served the monarchy well for all these years. Should we really reform something that already works? Of course we must also consider that in this growing age of industry, changes within society and the work structure of labour could reduce serfdom to a hindrance. Perhaps we should modernize? The potential benefits could outweigh the costs.;;;;;;;;;;;;;x;;;;,,,,,,,,,,,,,,,,,,,,,,,,,,,
EVTOPTA4030;Freedom! Freedom for all the serfs!;;;;;;;;;;;;;x;;;;,,,,,,,,,,,,,,,,,,,,,,,,,,,,,
EVTOPTB4030;Who cares what others think?;;;;;;;;;;;;;x;;;;,,,,,,,,,,,,,,,,,,,,,,,,,,,,,
EVTNAME4031;The Abused Peon;;;;;;;;;;;;;x;;;;,,,,,,,,,,,,,,,,,,,,,,,,,,,,,
"EVTDESC4031;'""Work you git!"" yells the master to his servant", kicking and screaming at him as he lay crying on the ground.'\nOur system of peonage has proved effective in dealing with individual debt default by forcing the servitude of the debtor to the loaner. The servants, of course, disapprove of the system. While our system of debt reprisal is not uncommon, there many perhaps be better alternatives with the development of new economic models, or perhaps we should simply end injustices and institute prisons for bad debtors instead.;;;;;;;;;;;;;x;;;;,,,,,,,,,,,,,,,,,,,,,,,,
EVTOPTA4031;Indeed. We should end this injustice.;;;;;;;;;;;;;x;;;;,,,,,,,,,,,,,,,,,,,,,,,,,,,,,
EVTOPTB4031;I don't see any problem with our current system.;;;;;;;;;;;;;x;;;;,,,,,,,,,,,,,,,,,,,,,,,,,,,,,
EVTOPTC4031;Hearing all this makes me itch to turn back to the old ways.;;;;;;;;;;;;;x;;;;,,,,,,,,,,,,,,,,,,,,,,,,,,,,,
EVTNAME4032;Prisons Complain;;;;;;;;;;;;;x;;;;,,,,,,,,,,,,,,,,,,,,,,,,,,,,,
EVTDESC4032;Many of our prisons are beginning to complain about the number of inmates imprisoned for debt default. They say that it is becoming a real burden on our prison system and that it is beginning to turn into a boiling point, as we won't have any more room for new inmates. We could turn back to the old ways and let individuals deal with bad debtors, which would free many of our prisons to hold true criminals instead of over flowing with debtors. On the other hand however, we could institute a method of bankruptcy, like so many other developed countries are beginning to do. This could prove to be a huge burden on the state budget though should be issue loans that are not paid back.;;;;;;;;;;;;;x;;;;,,,,,,,,,,,,,,,,,,,,,,,,,
EVTOPTA4032;Bankruptcy is it? Sounds interesting. We should try it.;;;;;;;;;;;;;x;;;;,,,,,,,,,,,,,,,,,,,,,,,,,,,,,
EVTOPTB4032;Well, I suppose they will have to make room somehow for new inmates then.;;;;;;;;;;;;;x;;;;,,,,,,,,,,,,,,,,,,,,,,,,,,,,
EVTOPTC4032;Yes, let's go back to the old ways.;;;;;;;;;;;;;x;;;;,,,,,,,,,,,,,,,,,,,,,,,,,,,,
EVTNAME4033;Unpaid Debt;;;;;;;;;;;;;x;;;;,,,,,,,,,,,,,,,,,,,,,,,,,,,,,
EVTDESC4033;Unpaid debt to the state is beginning to add up and covering the burden of others could prove very expensive on our behalf, as many private financial institutions are looking to us to bail them out. We should consider changing the laws back to what they were and let everything sort itself out. This however could come with consequences.;;;;;;;;;;;;;x;;;;,,,,,,,,,,,,,,,,,,,,,,,,,,,,
EVTOPTA4033;Re-institute debtor's prisons. The failure of private institutions is not our problem.;;;;;;;;;;;;;x;;;;,,,,,,,,,,,,,,,,,,,,,,,,,,,,,
EVTOPTB4033;We must bail out our financial institutions, lest financial collapse ensue.;;;;;;;;;;;;;x;;;;,,,,,,,,,,,,,,,,,,,,,,,,,,,,
EVTNAME4040;'No justice!';;;;;;;;;;;;;x;;;;,,,,,,,,,,,,,,,,,,,,,,,,,,,,,
EVTDESC4040;They cry as they rally in $CAPITAL$, demanding a fairer justice system. For awhile now, we have had the luxury of being able to sentence anyone that the state believed to be a criminal without a trial of any sort. Understandably, unrest among the public has begun to reach critical mass and we may have to adapt. We should consider instituting some form of basic justice system to appease the people.;;;;;;;;;;;;;x;;;;,,,,,,,,,,,,,,,,,,,,,,,,,,
EVTOPTA4040;They are right. Let's create a court system!;;;;;;;;;;;;;x;;;;,,,,,,,,,,,,,,,,,,,,,,,,,,,,,
EVTOPTB4040;But how will we arrest revolutionaries then?;;;;;;;;;;;;;x;;;;,,,,,,,,,,,,,,,,,,,,,,,,,,,,,
EVTNAME4041;A Fairer Court System?;;;;;;;;;;;;;x;;;;,,,,,,,,,,,,,,,,,,,,,,,,,,,,,
EVTDESC4041;For awhile now, people have been realizing the inefficiency of our current justice system. While it saves time to try groups of criminals with similar charges in a single session, inevitably we may mix up the innocent with the guilty since presently we do not examine each individual's case. We should consider a new justice system that leaves room for individual examination while maintaining state control over the verdict of the hearing.;;;;;;;;;;;;;x;;;;,,,,,,,,,,,,,,,,,,,,,,,,,,,
EVTOPTA4041;Inefficient indeed.;;;;;;;;;;;;;x;;;;,,,,,,,,,,,,,,,,,,,,,,,,,,,,,
EVTOPTB4041;But think of the time we save!;;;;;;;;;;;;;x;;;;,,,,,,,,,,,,,,,,,,,,,,,,,,,,,
EVTNAME4042;Demands for a Jury;;;;;;;;;;;;;x;;;;,,,,,,,,,,,,,,,,,,,,,,,,,,,,,
EVTDESC4042;Lately the people have been demanding more control over our justice system. They state that a jury would make trials more fair, because the citizens would partly determine the verdict of a hearing. Perhaps this is justified, but it would also significantly increase the legal burden of proof, since each case would need legal explanation to each juror.;;;;;;;;;;;;;x;;;;,,,,,,,,,,,,,,,,,,,,,,,,,,
EVTOPTA4042;If all to save one innocent man, so be it.;;;;;;;;;;;;;x;;;;,,,,,,,,,,,,,,,,,,,,,,,,,,,,
EVTOPTB4042;I kind of like having state involvement only.;;;;;;;;;;;;;x;;;;,,,,,,,,,,,,,,,,,,,,,,,,,,,,,
EVTNAME4043;Restore the Old Right?;;;;;;;;;;;;;x;;;;,,,,,,,,,,,,,,,,,,,,,,,,,,,,,
EVTDESC4043;My king, we have been letting our people humble your position of crown for quite some time. You should reconsider all of this judicial nonsense and restore your old right, as king!;;;;;;;;;;;;;x;;;;,,,,,,,,,,,,,,,,,,,,,,,,,,,
EVTOPTA4043;Quite right! I am the king dammit!;;;;;;;;;;;;;x;;;;,,,,,,,,,,,,,,,,,,,,,,,,,,,,,
EVTOPTB4043;Nay. A just ruler is a wise ruler.;;;;;;;;;;;;;x;;;;,,,,,,,,,,,,,,,,,,,,,,,,,,,,,
EVTNAME4050;Ban Child Labour?;;;;;;;;;;;;;x;;;;,,,,,,,,,,,,,,,,,,,,,,,,,,,,,
EVTDESC4050;Much of our working class is thankful that we have restricted child labour, however they further desire that it be banned altogether. They are merely concerned for their child getting injured in a work-related incident, as well as the immoralities of children doing gruelling labour.;;;;;;;;;;;;;x;;;;,,,,,,,,,,,,,,,,,,,,,,,,,,,
EVTOPTA4050;I concur. We should care about the children.;;;;;;;;;;;;;x;;;;,,,,,,,,,,,,,,,,,,,,,,,,,,,,,
EVTOPTB4050;But child comprise a significant percentage of our labour market!;;;;;;;;;;;;;x;;;;,,,,,,,,,,,,,,,,,,,,,,,,,,,,,
EVTNAME4060;Inventors Request for Patents;;;;;;;;;;;;;x;;;;,,,,,,,,,,,,,,,,,,,,,,,,,,,,,
EVTDESC4060;Many of our intelligentsia feel that it would spur invention if they were to be guaranteed of some sort of protection from intellectual property copy and fraud. We should consider creating a patent office that could facilitate that very guarantee, with state enforcement.;;;;;;;;;;;;;x;;;;,,,,,,,,,,,,,,,,,,,,,,,,,,,,
EVTOPTA4060;Do they now? By all means, let us spur scientific progress!;;;;;;;;;;;;;x;;;;,,,,,,,,,,,,,,,,,,,,,,,,,,,,
EVTOPTB4060;We haven't the resources to implement a patent office.;;;;;;;;;;;;;x;;;;,,,,,,,,,,,,,,,,,,,,,,,,,,,,,
EVTNAME4061;Expansion of the Patent System;;;;;;;;;;;;;x;;;;,,,,,,,,,,,,,,,,,,,,,,,,,,,,,
EVTDESC4061;Our patent system has been limited to only the upper class inventors with professional scientific background, which has indeed proved beneficial to them to hold patents on their inventions, however the lower class is beginning to request that we expand the patent system to allow anyone to file a patent. This could spur inventions from all walks of life, but doubtless this change would mean the need to increase our bureaucracy as well. It should be something to consider.;;;;;;;;;;;;;x;;;;,,,,,,,,,,,,,,,,,,,,,,,,,,
EVTOPTA4061;A society of inventors. I like it.;;;;;;;;;;;;;x;;;;,,,,,,,,,,,,,,,,,,,,,,,,,,,,,
EVTOPTB4061;What inventions could uneducated factory workers have to offer us? Nothing!;;;;;;;;;;;;;x;;;;,,,,,,,,,,,,,,,,,,,,,,,,,,,,,
EVTNAME4070;'I don't wanna die!';;;;;;;;;;;;;x;;;;,,,,,,,,,,,,,,,,,,,,,,,,,,,,,
EVTDESC4070;'The prisoner says as the executioner drags him up the gallows. The crowd roars with anticipation, only to be silenced minutes later by the weeping family of the dead man.'\nIt would seem there are some sects of society that are beginning to question the morality of turning first to the death penalty as punishment for the majority of crimes. Perhaps they are right. After all there have been a number of cases where the convicted was proven innocent after they had already been executed.;;;;;;;;;;;;;x;;;;,,,,,,,,,,,,,,,,,,,,,,,,,,,,
EVTOPTA4070;This should indeed change.;;;;;;;;;;;;;x;;;;,,,,,,,,,,,,,,,,,,,,,,,,,,,,,
EVTOPTB4070;Do we really have the means to implement a better system?;;;;;;;;;;;;;x;;;;,,,,,,,,,,,,,,,,,,,,,,,,,,,,,
EVTNAME4071;Transportation?;;;;;;;;;;;;;x;;;;,,,,,,,,,,,,,,,,,,,,,,,,,,,,,
EVTDESC4071;While the current system of handling criminals has proved effective, there are circles within the government that believe criminals could serve a higher purpose. If we were to transport our criminals to some of our remote colonies, we would benefit from an increased presence there, as well as a reduced administrative burden on the state. We would not need to worry about criminal affairs in the colonies either, because they will be looking for the very means essential to survival instead. What do you say?;;;;;;;;;;;;;x;;;;,,,,,,,,,,,,,,,,,,,,,,,,,
EVTOPTA4071;I think it's a great idea!;;;;;;;;;;;;;x;;;;,,,,,,,,,,,,,,,,,,,,,,,,,,,,,
EVTOPTB4071;Nay. Our existing system is fine.;;;;;;;;;;;;;x;;;;,,,,,,,,,,,,,,,,,,,,,,,,,,,,,
EVTNAME4072;Overcrowded Prisons;;;;;;;;;;;;;x;;;;,,,,,,,,,,,,,,,,,,,,,,,,,,,,,
EVTDESC4072;Prison administrators are complaining about the overcrowding of our state prisons. They say that there are many people there who appear to be perfectly suitable for work, however their sentence does not allow them to leave on parole. If we were to implement some form of rehabilitation for the criminals of our nation, we could perhaps transform them into more productive individuals, or at the very least, determine who is fit to release back into society. This could be an enormous administrative burden on the state however.;;;;;;;;;;;;;x;;;;,,,,,,,,,,,,,,,,,,,,,,,,,
EVTOPTA4072;Rehabilitation, hm? Well, that's a second chance if there ever was one. Let's do it!;;;;;;;;;;;;;x;;;;,,,,,,,,,,,,,,,,,,,,,,,,,,,
EVTOPTB4072;We couldn't possibly fund such an endeavour.;;;;;;;;;;;;;x;;;;,,,,,,,,,,,,,,,,,,,,,,,,,,,,,
EVTNAME4080;A Boring Culture;;;;;;;;;;;;;x;;;;,,,,,,,,,,,,,,,,,,,,,,,,,,,,,
EVTDESC4080;Our society is lacking artists and musicians to add a unique face to our nation. If we were to provide funds and give them a little push, we may incentivize cultural activities and works of art.;;;;;;;;;;;;;x;;;;,,,,,,,,,,,,,,,,,,,,,,,,,,,,
EVTOPTA4080;By all means. We could use a more vibrant atmosphere.;;;;;;;;;;;;;x;;;;,,,,,,,,,,,,,,,,,,,,,,,,,,,,,
EVTOPTB4080;The question is: do we have the money?;;;;;;;;;;;;;x;;;;,,,,,,,,,,,,,,,,,,,,,,,,,,,,,
EVTNAME4081;A Creative Mind Lost;;;;;;;;;;;;;x;;;;,,,,,,,,,,,,,,,,,,,,,,,,,,,,,
EVTDESC4081;A man in $CAPITAL$ has gotten quite a bit of attention with his works of art that have been displayed in the local museum. Unfortunately he has taken up other work as being an artist was not financially profitable for him. It seems as if we have indeed lost a rare jewel of an artistic mind to the rigours of everyday life. Perhaps we should allocate more funds to promoting artistic development so such an instance does not happen again?;;;;;;;;;;;;;x;;;;,,,,,,,,,,,,,,,,,,,,,,,,,,,,,
EVTOPTA4081;Yes, let's pay our artists more. They deserve it after all.;;;;;;;;;;;;;x;;;;,,,,,,,,,,,,,,,,,,,,,,,,,,,,
EVTOPTB4081;That is unfortunate, but we can afford no such changes.;;;;;;;;;;;;;x;;;;,,,,,,,,,,,,,,,,,,,,,,,,,,,,
EVTOPTC4081;You know, I don't quite like his art style, personally.;;;;;;;;;;;;;x;;;;,,,,,,,,,,,,,,,,,,,,,,,,,,,
EVTNAME4082;An Artist Emerges;;;;;;;;;;;;;x;;;;,,,,,,,,,,,,,,,,,,,,,,,,,,,,,
EVTDESC4082;A great artist has emerged in $CAPITAL$ and has grown to prominence in just a short while. Already his art is featured on display at our National House of Art. Our funding of cultural developments appears to be having an impact. If we were to increase funding even further, perhaps we may achieve even more results.;;;;;;;;;;;;;x;;;;,,,,,,,,,,,,,,,,,,,,,,,,,,,,
EVTOPTA4082;Really? How wonderful!;;;;;;;;;;;;;x;;;;,,,,,,,,,,,,,,,,,,,,,,,,,,,,,
EVTOPTB4082;I see no need in increasing funding. We are successful enough.;;;;;;;;;;;;;x;;;;,,,,,,,,,,,,,,,,,,,,,,,,,,,,,
EVTOPTC4082;National House of Art, hm? A waste of money I say.;;;;;;;;;;;;;x;;;;,,,,,,,,,,,,,,,,,,,,,,,,,,,,
EVTNAME4083;A Cultural Revolution;;;;;;;;;;;;;x;;;;,,,,,,,,,,,,,,,,,,,,,,,,,,,,,
EVTDESC4083;All around the nation, there is a sense of a resurging Renaissance in culture and national identity. It appears a golden age of culture has dawned upon us, thanks no less to the brilliant minds behind our works of art.;;;;;;;;;;;;;x;;;;,,,,,,,,,,,,,,,,,,,,,,,,,,,
EVTOPTA4083;A cultural golden age you say? We can increase that by two fold!;;;;;;;;;;;;;x;;;;,,,,,,,,,,,,,,,,,,,,,,,,,,,,,
EVTOPTB4083;Wonderful!;;;;;;;;;;;;;x;;;;,,,,,,,,,,,,,,,,,,,,,,,,,,,,,
EVTOPTC4083;We need workers and soldiers, not artists.;;;;;;;;;;;;;x;;;;,,,,,,,,,,,,,,,,,,,,,,,,,,,,
EVTNAME4084;Too Much Funding?;;;;;;;;;;;;;x;;;;,,,,,,,,,,,,,,,,,,,,,,,,,,,,,
EVTDESC4084;A significant portion of the national budget has been going to promoting artistic development for quite some time now. Some within the government feel that this spending is unnecessary and excessive. We could lower the amount of funds for artistic development, which would have an impact surely, but it would be minimal at best.;;;;;;;;;;;;;x;;;;,,,,,,,,,,,,,,,,,,,,,,,,,,,
EVTOPTA4084;Aye. Our resources are better spent elsewhere.;;;;;;;;;;;;;x;;;;,,,,,,,,,,,,,,,,,,,,,,,,,,,,,
EVTOPTB4084;Nay. Our society needs culture.;;;;;;;;;;;;;x;;;;,,,,,,,,,,,,,,,,,,,,,,,,,,,,,
# LiberalRevolutions.txt;;;;;;;;;;;;;;x;;;;,,,,,,,,,,,,,,,,,,,,,,,,,,,,,
EVTNAME10340;Fighting in the Streets;;;;;;;;;;;;;x;;;;,,,,,,,,,,,,,,,,,,,,,,,,,,,,,
EVTDESC10340;TODO;;;;;;;;;;;;;x;;;;,,,,,,,,,,,,,,,,,,,,,,,,,,,,,
EVTOPTA10340;TODO;;;;;;;;;;;;;x;;;;,,,,,,,,,,,,,,,,,,,,,,,,,,,,,
EVTOPTB10340;TODO;;;;;;;;;;;;;x;;;;,,,,,,,,,,,,,,,,,,,,,,,,,,,,,
EVTOPTC10340;TODO;;;;;;;;;;;;;x;;;;,,,,,,,,,,,,,,,,,,,,,,,,,,,,,
EVTNAME10340;Nationalist Agitation;;;;;;;;;;;;;x;;;;,,,,,,,,,,,,,,,,,,,,,,,,,,,,,
EVTDESC10340;TODO;;;;;;;;;;;;;x;;;;,,,,,,,,,,,,,,,,,,,,,,,,,,,,,
EVTOPTA10340;TODO;;;;;;;;;;;;;x;;;;,,,,,,,,,,,,,,,,,,,,,,,,,,,,,
# NationalUnification.txt;;;;;;;;;;;;;;x;;;;,,,,,,,,,,,,,,,,,,,,,,,,,,,,,
EVTNAME11104;The Frankfurt Parliament;;;;;;;;;;;;;x;;;;,,,,,,,,,,,,,,,,,,,,,,,,,,,,,
EVTDESC11104;Revolutionaries have gathered in Frankfurt and convened a makeshift parliament demanding political and social reforms, along with the unification of all the German states into a single, Greater German Empire, or Großdeutschland Kaiserreich. As such, they have drafted a constitution and named us the would-be Kaiser of this hypothetical hereditary empire. Worryingly though, it is unclear whether the constitution would allow non-German states into this new empire. Should we accept this new constitution, we run the risk of legally losing control over some of our held foreign territory, however the benefits may outweigh the risks. We must also consider that other Great Powers, including Prussia, may not be so keen to accept the idea of a unified German empire.;;;;;;;;;;;;;x;;;;,,,,,,,,,,,,,,,,,,,,
EVTOPTA11104;Kaiser? Of all Germany? I shan't delay!;;;;;;;;;;;;;x;;;;,,,,,,,,,,,,,,,,,,,,,,,,,,,,,
EVTOPTB11104;In no uncertain terms, I am not willing to permit the break up of my country.;;;;;;;;;;;;;x;;;;,,,,,,,,,,,,,,,,,,,,,,,,,,,,
EVTDESC11105;Revolutionaries have gathered in Frankfurt and convened a makeshift parliament demanding political and social reforms, along with the unification of all the German states into a single, German Empire, or Kleindeutschland Kaiserreich. As such, they have drafted a constitution and named us the would-be Kaiser of this hypothetical hereditary empire. Worryingly though, it is unclear whether the constitution would allow non-German states into this new empire. Should we accept this new constitution, we run the risk of aggravating the other Great Powers, including Austria, which turn into a dispute war over the sovereignty of all Germany.;;;;;;;;;;;;;x;;;;,,,,,,,,,,,,,,,,,,,,,
"EVTDESC11106;The bloody revolutionaries from a makeshift parliament in Frankfurt have bestowed the title Kaiser of Germany upon the monarch of $FROMCOUNTRY$. The legality of this action is extremely controversial and any dispute over the succession of Germany would be valid given our status within it. We can reasonably estimate that we should be able to rely on the foreign Great Powers to come to our aid since the creation of this new ""German empire"" has disrupted the balance of power within Europe.;;;;;;;;;;;;;x;;;;",,,,,,,,,,,,,,,,,,,,,,,,,,,,,
EVTOPTA11106;There will be hell to pay!;;;;;;;;;;;;;x;;;;,,,,,,,,,,,,,,,,,,,,,,,,,,,,,
EVTOPTB11106;What's this? You don't think the Kaiser of $FROMCOUNTRY$ is a fit candidate?;;;;;;;;;;;;;x;;;;,,,,,,,,,,,,,,,,,,,,,,,,,,,,,
EVTOPTC11106;Unfortunate, but it is not worth fighting over. We will go our own way.;;;;;;;;;;;;;x;;;;,,,,,,,,,,,,,,,,,,,,,,,,,,,,
EVTDESC11107;An attempt at unifying all of Germany through the actions of undelegated professors, journalists, and other persons at a makeshift parliament in Frankfurt has failed. Their drafted constitution was rejected by both Austria and Prussia, leaving many revolutionaries in Germany with crushed spirits. Perhaps one day Germany shall rise as a unified country, but that time is not now.;;;;;;;;;;;;;x;;;;,,,,,,,,,,,,,,,,,,,,,,,,,
EVTOPTA11107;One day, it will happen. One day...;;;;;;;;;;;;;x;;;;,,,,,,,,,,,,,,,,,,,,,,,,,,,,
EVTNAME11150;$FROMCOUNTRY_ADJ$ Unification;;;;;;;;;;;;;x;;;;,,,,,,,,,,,,,,,,,,,,,,,,,,,,,
EVTDESC11150;It has come to our attention recently that $FROMCOUNTRY_ADJ$ have been unified into one nation. This could significantly change the balance of power within Europe and prove much to our disadvantage, or advantage, depending on how we decide to play our hand at the situation. We could, on one hand, form a coalition against this new state and reverse this whole unification nonsense. On the other hand, we could develop closer ties to this new nation and possibly even make them our ally. How shall you proceed, sire?;;;;;;;;;;;;;x;;;;,,,,,,,,,,,,,,,,,,,,,,,
EVTOPTA11150;$FROMCOUNTRY$ has thrown the balance of power in Europe out the window. We cannot allow them this luxury.;;;;;;;;;;;;;x;;;;,,,,,,,,,,,,,,,,,,,,,,,,,,,,,
EVTOPTB11150;$FROMCOUNTRY$ hm? They sound like they might make a powerful ally for us!;;;;;;;;;;;;;x;;;;,,,,,,,,,,,,,,,,,,,,,,,,,,,,,
# CivilizationAndGunBoats.txt;;;;;;;;;;;;;;x;;;;,,,,,,,,,,,,,,,,,,,,,,,,,,,,,
EVTDESC13270;The trade disputes between $FROMCOUNTRY$ and the Great Powers had been on-going since the latter half of the 18th century. Tensions finally escalated to the boiling point in $MONTH$ of $YEAR$, when $FROMCOUNTRY_ADJ$ officials had repeatedly turned down $COUNTRY_ADJ$ requests for unlimited trade access, including a lifting of the ban on the sale of opium. The $COUNTRY_ADJ$ government, already deeply invested in a policy of confrontation, found itself with no options but to declare war, thus, the $COUNTRY_ADJ$-$FROMCOUNTRY_ADJ$ Opium War begun.\n(Note: If Hong Kong is not occupied by a European power, if you win this war, it will be your's at its end);Les différends commerciaux entre $FROMCOUNTRY$ et les Grandes Puissances ont été permanentes depuis la seconde moitié du 18ème siècle. Les tensions ont finalement atteint le point d'ébullition au mois de $MONTH$ de $YEAR$, lorsque les fonctionnaires $FROMCOUNTRY_ADJ$ ont à maintes reprises rejeté les demandes $COUNTRY_ADJ$ pour un accès illimité commercial, y compris la levée de l'interdiction de la vente de l'opium. Le gouvernement $COUNTRY_ADJ$, déjà très investi dans une politique de confrontation, se retrouva sans autres options, que de déclarer la guerre, donc, la $COUNTRY_ADJ$-$FROMCOUNTRY_ADJ$ guerre de l'opium a commencé. ;Die Handelsdispute zwischen $FROMCOUNTRY$ und den Großmächten bestehen nun schon seit der zweiten Hälfte des 18. Jahrhunderts. Die Spannungen eskalierten schließlich zum Siedepunkt im $MONTH$ des Jahres $YEAR$, als $FROMCOUNTRY_ADJ$ Beamte wiederholt die $COUNTRY_ADJ$ Anfragen nach uneingeschränktem Handelszugang abgewiesen hatten, einschließlich eine Aufhebung des Verbots von Opiumverkäufen. Die $COUNTRY_ADJ$ Regierung, die schon viel in eine Politik der Konfrontation investiert hatte, sah sich gezwungen, den Krieg zu erklären, und so begann der $COUNTRY_ADJ$-$FROMCOUNTRY_ADJ$ Opiumkrieg.;;Las disputas comerciales entre $FROMCOUNTRY$ y las grandes potencias habían sido una constante desde la segunda mitad del siglo XVIII. Las tensiones acabaron llegando a su punto álgido en $MONTH$ de $YEAR$, cuando funcionarios DE $FROMCOUNTRY$ rechazaron de forma reiterada la solicitud $COUNTRY_ADJ$ de acceso comercial ilimitado, incluyendo el levantamiento de la prohibición de la venta de opio. El gobierno DE $COUNTRY$, inmerso ya en una intensa política de confrontación, se encontró sin más opciones que declarar la guerra, dando comienzo así a la Guerra del Opio $COUNTRY_ADJ$-$FROMCOUNTRY_ADJ$ .;;;;;;;;;x;;;;,,,
EVTNAME13360;Christian Communities Harassed;;;;;;;;;;;;;x;;;;,,,,,,,,,,,,,,,,,,,,,,,,,,,,,
EVTDESC13360;TODO;;;;;;;;;;;;;x;;;;,,,,,,,,,,,,,,,,,,,,,,,,,,,,,
EVTOPTA13360;TODO;;;;;;;;;;;;;x;;;;,,,,,,,,,,,,,,,,,,,,,,,,,,,,,
EVTOPTB13360;TODO;;;;;;;;;;;;;x;;;;,,,,,,,,,,,,,,,,,,,,,,,,,,,,,
EVTNAME13361;Christian Communities Harassed;;;;;;;;;;;;;x;;;;,,,,,,,,,,,,,,,,,,,,,,,,,,,,,
EVTDESC13361;TODO;;;;;;;;;;;;;x;;;;,,,,,,,,,,,,,,,,,,,,,,,,,,,,,
EVTOPTA13361;TODO;;;;;;;;;;;;;x;;;;,,,,,,,,,,,,,,,,,,,,,,,,,,,,,
EVTOPTB13361;TODO;;;;;;;;;;;;;x;;;;,,,,,,,,,,,,,,,,,,,,,,,,,,,,,
EVTNAME13362;Christian Communities Harassed;;;;;;;;;;;;;x;;;;,,,,,,,,,,,,,,,,,,,,,,,,,,,,,
EVTDESC13362;TODO;;;;;;;;;;;;;x;;;;,,,,,,,,,,,,,,,,,,,,,,,,,,,,,
EVTOPTA13362;TODO;;;;;;;;;;;;;x;;;;,,,,,,,,,,,,,,,,,,,,,,,,,,,,,
EVTOPTB13362;TODO;;;;;;;;;;;;;x;;;;,,,,,,,,,,,,,,,,,,,,,,,,,,,,,
EVTNAME13365;Christians Abroad In Need;;;;;;;;;;;;;x;;;;,,,,,,,,,,,,,,,,,,,,,,,,,,,,,
EVTDESC13365;TODO;;;;;;;;;;;;;x;;;;,,,,,,,,,,,,,,,,,,,,,,,,,,,,,
EVTOPTA13365;TODO;;;;;;;;;;;;;x;;;;,,,,,,,,,,,,,,,,,,,,,,,,,,,,,
EVTOPTB13365;TODO;;;;;;;;;;;;;x;;;;,,,,,,,,,,,,,,,,,,,,,,,,,,,,,
EVTNAME13370;War Escalation;;;;;;;;;;;;;x;;;;,,,,,,,,,,,,,,,,,,,,,,,,,,,,,
EVTDESC13370;TODO;;;;;;;;;;;;;x;;;;,,,,,,,,,,,,,,,,,,,,,,,,,,,,,
EVTOPTA13370;TODO;;;;;;;;;;;;;x;;;;,,,,,,,,,,,,,,,,,,,,,,,,,,,,,
# ACW.txt;;;;;;;;;;;;;;x;;;;,,,,,,,,,,,,,,,,,,,,,,,,,,,,,
EVTNAME16452;Back To Africa Society;;;;;;;;;;;;;x;;;;,,,,,,,,,,,,,,,,,,,,,,,,,,,,,
EVTDESC16452;Now that the dispute of slavery is finally settled and it is illegal to own people of color, there is a proponent group of society that advocates sending people of African descent back to Africa so as to keep America racially contiguous. It seems that this is legal as well, since the United States constitution states that people of color are considered only 2/3 of a person in the voting process. Indeed," the word ""free"" may apply"," but the term ""person"" apparently does not to people of non-European descent. $MONARCHTITLE$", shall you support this sect of society, or shall we better integrate our minorities?;;;;;;;;;;;;;x;;;;,,,,,,,,,,,,,,,,,,,,,,,
EVTOPTA16452;Send them back.;;;;;;;;;;;;;x;;;;,,,,,,,,,,,,,,,,,,,,,,,,,,,,,
EVTOPTB16452;I favor a multicultural society.;;;;;;;;;;;;;x;;;;,,,,,,,,,,,,,,,,,,,,,,,,,,,,,
EVTDESC16453;TODO;;;;;;;;;;;;;x;;;;,,,,,,,,,,,,,,,,,,,,,,,,,,,,,
EVTOPTB16453;It's too expensive right now.;;;;;;;;;;;;;x;;;;,,,,,,,,,,,,,,,,,,,,,,,,,,,,,
# GreatPowers.txt;;;;;;;;;;;;;;x;;;;,,,,,,,,,,,,,,,,,,,,,,,,,,,,,
EVTNAME19006;Break Free?;;;;;;;;;;;;;x;;;;,,,,,,,,,,,,,,,,,,,,,,,,,,,,,
EVTDESC19006;TODO;;;;;;;;;;;;;x;;;;,,,,,,,,,,,,,,,,,,,,,,,,,,,,,
EVTOPTA19006;Let's hope they'll support us.;;;;;;;;;;;;;x;;;;,,,,,,,,,,,,,,,,,,,,,,,,,,,,,
EVTNAME19007;Sabotage Vassal-Liege Relations;;;;;;;;;;;;;x;;;;,,,,,,,,,,,,,,,,,,,,,,,,,,,,,
EVTDESC19007;TODO;;;;;;;;;;;;;x;;;;,,,,,,,,,,,,,,,,,,,,,,,,,,,,,
EVTOPTA19007;We will support $FROMCOUNTRY$!;;;;;;;;;;;;;x;;;;,,,,,,,,,,,,,,,,,,,,,,,,,,,,,
EVTOPTB19007;It's best not to mettle in such affairs.;;;;;;;;;;;;;x;;;;,,,,,,,,,,,,,,,,,,,,,,,,,,,,,
EVTNAME19008;Vassal Sabotaged;;;;;;;;;;;;;x;;;;,,,,,,,,,,,,,,,,,,,,,,,,,,,,,
EVTDESC19008;TODO;;;;;;;;;;;;;x;;;;,,,,,,,,,,,,,,,,,,,,,,,,,,,,,
EVTOPTB19008;That is unfortunate.;;;;;;;;;;;;;x;;;;,,,,,,,,,,,,,,,,,,,,,,,,,,,,,
EVTNAME19009;Freedom!;;;;;;;;;;;;;x;;;;,,,,,,,,,,,,,,,,,,,,,,,,,,,,,
EVTDESC19009;TODO;;;;;;;;;;;;;x;;;;,,,,,,,,,,,,,,,,,,,,,,,,,,,,,
EVTOPTA19009;At last!;;;;;;;;;;;;;x;;;;,,,,,,,,,,,,,,,,,,,,,,,,,,,,,
# Crises.txt;;;;;;;;;;;;;;x;;;;,,,,,,,,,,,,,,,,,,,,,,,,,,,,,
EVTNAME20110;Duke Assassinated!;;;;;;;;;;;;;x;;;;,,,,,,,,,,,,,,,,,,,,,,,,,,,,,
EVTDESC20110;A rogue terrorist group in the state of $STATE$ has assassinated a duke of our's! This grievous crime should not go unpunished. We must teach the population a less and have them never forget that they are living under our rule now.;;;;;;;;;;;;;x;;;;,,,,,,,,,,,,,,,,,,,,,,,,,,,,,
EVTOPTA20110;Punish them!;;;;;;;;;;;;;x;;;;,,,,,,,,,,,,,,,,,,,,,,,,,,,,,
EVTOPTB20110;I don't like where this is going. Maybe they should have greater autonomy.;;;;;;;;;;;;;x;;;;,,,,,,,,,,,,,,,,,,,,,,,,,,,,,
# Diseases.txt;;;;;;;;;;;;;;x;;;;,,,,,,,,,,,,,,,,,,,,,,,,,,,,,
EVTNAME21050;Scarlatina;;;;;;;;;;;;;x;;;;,,,,,,,,,,,,,,,,,,,,,,,,,,,,,
EVTDESC21050;Scarlatina, or Scarlet Fever, is an infectious disease caused by the bacterium Streptococcus pyogenes, which most commonly affects children. Before the availability of antibiotics, scarlet fever was a major cause of death. It also sometimes caused late complications, such as glomerulonephritis and endocarditis leading to heart valve disease, all of which were protracted and often fatal afflictions at the time. A comfortable town in one of your states in the year $YEAR$ appears to have come down with a pandemic of the bacteria.;;;;;;;;;;;;;x;;;;,,,,,,,,,,,,,,,,,,,,,,,
EVTOPTA21050;We should work to eradicate this disease by implementing more sanitary living conditions.;;;;;;;;;;;;;x;;;;,,,,,,,,,,,,,,,,,,,,,,,,,,,,,
EVTNAME21060;Measles Pandemic;;;;;;;;;;;;;x;;;;,,,,,,,,,,,,,,,,,,,,,,,,,,,,,
EVTDESC21060;Measles is an infection of the respiratory system, immune system and skin caused by a virus, specifically a paramyxovirus of the genus Morbillivirus. The virus is highly infectious and 90% of people without immunity sharing living space with an infected person will catch it.;;;;;;;;;;;;;x;;;;,,,,,,,,,,,,,,,,,,,,,,,,,,,
EVTOPTA21060;Far in the future, we will have eradicated measles, but that day is not today..;;;;;;;;;;;;;x;;;;,,,,,,,,,,,,,,,,,,,,,,,,,,,
# TURFlavor.txt;;;;;;;;;;;;;;x;;;;,,,,,,,,,,,,,,,,,,,,,,,,,,,,,
EVTNAME31103;The Young Turks;;;;;;;;;;;;;x;;;;,,,,,,,,,,,,,,,,,,,,,,,,,,,,,
EVTDESC31103;TODO;;;;;;;;;;;;;x;;;;,,,,,,,,,,,,,,,,,,,,,,,,,,,,,
EVTOPTA31103;TODO;;;;;;;;;;;;;x;;;;,,,,,,,,,,,,,,,,,,,,,,,,,,,,,
EVTNAME31104;Turkish Nationalism;;;;;;;;;;;;;x;;;;,,,,,,,,,,,,,,,,,,,,,,,,,,,,,
EVTDESC31104;TODO;;;;;;;;;;;;;x;;;;,,,,,,,,,,,,,,,,,,,,,,,,,,,,,
EVTOPTA31104;TODO;;;;;;;;;;;;;x;;;;,,,,,,,,,,,,,,,,,,,,,,,,,,,,,
EVTNAME31105;Turkey;;;;;;;;;;;;;x;;;;,,,,,,,,,,,,,,,,,,,,,,,,,,,,,
EVTDESC31105;TODO;;;;;;;;;;;;;x;;;;,,,,,,,,,,,,,,,,,,,,,,,,,,,,,
EVTOPTA31105;TODO;;;;;;;;;;;;;x;;;;,,,,,,,,,,,,,,,,,,,,,,,,,,,,,
# AUSFlavor.txt;;;;;;;;;;;;;;x;;;;,,,,,,,,,,,,,,,,,,,,,,,,,,,,,
EVTNAME31509;Demand the Rhineland;;;;;;;;;;;;;x;;;;,,,,,,,,,,,,,,,,,,,,,,,,,,,,,
EVTDESC31509;TODO;;;;;;;;;;;;;x;;;;,,,,,,,,,,,,,,,,,,,,,,,,,,,,,
EVTOPTA31509;We shall seize Prussia's industrial heartland!;;;;;;;;;;;;;x;;;;,,,,,,,,,,,,,,,,,,,,,,,,,,,,,
EVTOPTB31509;Nay. They are kin, after all.;;;;;;;;;;;;;x;;;;,,,,,,,,,,,,,,,,,,,,,,,,,,,,
EVTNAME31510;$FROMCOUNTRY$ Demands the Rhineland;;;;;;;;;;;;;x;;;;,,,,,,,,,,,,,,,,,,,,,,,,,,,,,
EVTDESC31510;TODO;;;;;;;;;;;;;x;;;;,,,,,,,,,,,,,,,,,,,,,,,,,,,,,
EVTOPTA31510;They shall never take it!;;;;;;;;;;;;;x;;;;,,,,,,,,,,,,,,,,,,,,,,,,,,,,,
EVTNAME31511;The End of Austria-Hungary;;;;;;;;;;;;;x;;;;,,,,,,,,,,,,,,,,,,,,,,,,,,,,,
EVTDESC31511;TODO;;;;;;;;;;;;;x;;;;,,,,,,,,,,,,,,,,,,,,,,,,,,,,,
EVTOPTA31511;All things must come to an end eventually...;;;;;;;;;;;;;x;;;;,,,,,,,,,,,,,,,,,,,,,,,,,,,,,
EVTDESC31512;TODO;;;;;;;;;;;;;x;;;;,,,,,,,,,,,,,,,,,,,,,,,,,,,,,
EVTOPTA31512;Austria has awoken. We have taken power!;;;;;;;;;;;;;x;;;;,,,,,,,,,,,,,,,,,,,,,,,,,,,,,
EVTNAME31525;Join the Danube Federation?;;;;;;;;;;;;x;;;;,,,,,,,,,,,,,,,,,,,,,,,,,,,,,
EVTDESC31525;There are a considerable number of $CULTURE$ people living in the Danube Federation. Should we petition the Danubian government to unite with them so we may once again unify all the $CULTURE$ people?;;;;;;;;;;;;x;;;;,,,,,,,,,,,,,,,,,,,,,,,,,,,,,
EVTNAME31530;$FROMCOUNTRY$ Calls to Union;;;;;;;;;;;;x;;;;,,,,,,,,,,,,,,,,,,,,,,,,,,,,,
EVTDESC31530;$FROMCOUNTRY$ has sent us a delegate stating that they wish to unify with the Danube Federation to unite the rest of their people. Shall we add them as another state into our federation?;;;;;;;;;;;;x;;;;,,,,,,,,,,,,,,,,,,,,,,,,,,,,,
EVTNAME31540;End of the Federation;;;;;;;;;;;;x,,,,,,,,,,,,,,,,,,,,,,,,,,,,,
EVTDESC31540;With the loss of Hungary, the entire basis for the Danubian Federation has begun to crumble. The other ethnic groups are questioning the dominance that the German majority will exert without the Hungarians to counter-balance them, and increasingly there are demands for the federation to be undone. Many Germans are fine with this," preferring to return to the Austria that was to stop what many consider the ""Slavization"" of Austria. Regardless", there is little we can do about the situation now.;;;;;;;;;;;;x,,,,,,,,,,,,,,,,,,,,,,,,,
EVTDESC31550;With the Danubian government having become a totalitarian regime, resentment among the various ethnic groups has reached a boiling point. They are demanding their independence, something which would see an end to the federation as it currently exists. The German majority is fine with this, though some are also suggesting the temerity of these rebels is beyond the pale and the federation should be maintained-- by force, if need be.;;;;;;;;;;;;x,,,,,,,,,,,,,,,,,,,,,,,,,
EVTNAME31560;Hungarian Revolutionaries;;;;;;;;;;;;x;;;;,,,,,,,,,,,,,,,,,,,,,,,,,,,,,
EVTDESC31560;There has been general discontent among the Hungarians, and a group of young revolutionaries have appeared to demand a number of concessions including freedom of the press. Giving them even that will not satisfy them completely, but it might give the government time to put down this rebellion before it begins.;;;;;;;;;;;;x;;;;,,,,,,,,,,,,,,,,,,,,,,,,,,,
EVTNAME31565;Czech Radicals Attempt Coup;;;;;;;;;;;;x;;;;,,,,,,,,,,,,,,,,,,,,,,,,,,,,,
EVTDESC31565;A group of Czech radical democrats attempted to overthrow the government in a coup. They were unsuccessful, but their actions have inspired their countrymen to rise up in demand of freedom.;;;;;;;;;;;;x;;;;,,,,,,,,,,,,,,,,,,,,,,,,,,,,
EVTNAME31570;Archduke Ferdinand Assassinated;;;;;;;;;;;;x;;;;,,,,,,,,,,,,,,,,,,,,,,,,,,,,,
EVTDESC31570;One of the most prominent members of Austrian aristocracy has been murdered by a Serbian assassin, a member of a group of nationalists who seek to rejoin with the Serbian nation. There are definite suspicions that the Serbian government has been secretly helping these nationalists and is behind the event.;;;;;;;;;;;;x;;;;,,,,,,,,,,,,,,,,,,,,,,,,,,,,
# RUSFlavor.txt;;;;;;;;;;;;;;x;;;;,,,,,,,,,,,,,,,,,,,,,,,,,,,,,
EVTNAME32509;The Alaska Purchase?;L'achat de l'Alaska ?;Der Alaska-Kauf?;;¿La adquisición de Alaska?;;;;;;;;;x;;,,,,,,,,,,,,,,,,,,,,,,,,,,,,,
EVTDESC32509;The feelers put out by Eduard Andreevich Stoeckl, chargé d'affaires at our embassy in $FROMCOUNTRY_CAPITAL$, have had results, as $FROMCOUNTRY$ has today offered to enter into negotiations over a proposed sale of our territories in North America. The $FROMCOUNTRY_CULTURE$ are offering us a price of 2.3 cents per acre for the Alaskan territories, and that price seems relatively fair. The colonies could become hard to defend in the event of war with the United Kingdom, so getting rid of them for a price now might not be such a bad idea. What say you, $MONARCHTITLE$?;Les sondages réalisés par Eduard Andreevich Stoeckl, chargé d'affaires à notre ambassade de $FROMCOUNTRY_CAPITAL$, ont porté leurs fruits puisque les $FROMCOUNTRY$, ce jour, accepté de mener des négociations portant sur la vente de nos territoires en Amérique du Nord. Les $FROMCOUNTRY_CULTURE$ nous offrent 2,3 cents l'acre pour les territoires de l'Alaska, ce qui semble relativement raisonnable. Les colonies seraient bien difficiles à défendre en cas de guerre avec le Royaume-Uni et les vendre maintenant ne serait pas une mauvaise idée. Qu'en dites-vous, $MONARCHTITLE$ ?;Nachdem der Leiter unserer Botschaft in $FROMCOUNTRY_CAPITAL$, Eduard Andreevich Stoeckl, bezüglich des Interesses der $FROMCOUNTRY$ am Kauf unseres Gebiets in Nordamerika vorgefühlt hatte, begannen heute die offiziellen Verhandlungen. Die $FROMCOUNTRY_CULTURE$ bieten uns einen Quadratmeterpreis von 0,0004 Cent für das Gebiet von Alaska an, und dieser Preis scheint relativ fair zu sein. Im Falle eines Krieges mit Großbritannien könnte die Verteidigung der Kolonien schwierig werden, deshalb ist es wohl keine schlechte Idee, sie jetzt noch gewinnbringend zu verkaufen. Was sagen Sie dazu, $MONARCHTITLE$?;;Los tanteos realizados por Eduard Andreevich Stoeckl, encargado de negocios en nuestra embajada en $FROMCOUNTRY_CAPITAL$, han dado fruto, ya que los $FROMCOUNTRY$ han ofrecido hoy iniciar negociaciones sobre la propuesta de venta de nuestros territorios en el norte de América. Los $FROMCOUNTRY_CULTURE$ nos ofrecen un precio de 2,3 centavos por acre por los territorios de Alaska, y ese precio parece bastante razonable. En caso de guerra con el Reino Unido, podría ser difícil defender las colonias, por lo que deshacernos de ellas vendiéndolas ahora podría no ser tan mala idea. ¿Qué os parece, $MONARCHTITLE$?;;;;;;;;;x;;
# GERFlavor.txt;;;;;;;;;;;;;;x;;;;,,,,,,,,,,,,,,,,,,,,,,,,,,,,,
EVTNAME33006;A Trade for Heligoland;;;;;;;;;;;;;x;;;;,,,,,,,,,,,,,,,,,,,,,,,,,,,,,
EVTDESC33006;$FROMCOUNTRY$ has come to us with an interesting proposal. They would have us trade ownership one of our colonies to them, and in return, they would secede Heligoland to us. This would certainly give our navy a more level edge against other Great Powers, however we may be seceding control of valuable resources that would give our economy an edge.;;;;;;;;;;;;;x;;;;,,,,,,,,,,,,,,,,,,,,,,,,,,
EVTOPTA33006;Make the trade.;;;;;;;;;;;;;x;;;;,,,,,,,,,,,,,,,,,,,,,,,,,,,,,
EVTOPTB33006;Don't make the trade.;;;;;;;;;;;;;x;;;;,,,,,,,,,,,,,,,,,,,,,,,,,,,,,
EVTNAME33007;$FROMCOUNTRY$ Agrees!;;;;;;;;;;;;;x;;;;,,,,,,,,,,,,,,,,,,,,,,,,,,,,,
EVTDESC33007;$FROMCOUNTRY$ has agreed to our trade proposal! They have given us a colony in Africa, and in return we have given them Heligoland. Let us hope that the trade came in our favour.;;;;;;;;;;;;;x;;;;,,,,,,,,,,,,,,,,,,,,,,,,,,,,
EVTOPTA33007;I am sure it did!;;;;;;;;;;;;;x;;;;,,,,,,,,,,,,,,,,,,,,,,,,,,,,,
EVTNAME33008;$FROMCOUNTRY$ Has Refused!;;;;;;;;;;;;;x;;;;,,,,,,,,,,,,,,,,,,,,,,,,,,,,,
EVTDESC33008;$FROMCOUNTRY$ has refused our trade proposal, therefore no lands have been seceded, and we gain none.;;;;;;;;;;;;;x;;;;,,,,,,,,,,,,,,,,,,,,,,,,,,,
EVTOPTA33008;A shame.;;;;;;;;;;;;;x;;;;,,,,,,,,,,,,,,,,,,,,,,,,,,,,,
EVTNAME33010;Integrating the Netherlands;;;;;;;;;;;;;x;;;;,,,,,,,,,,,,,,,,,,,,,,,,,,,,,
EVTDESC33010;Our acquisition of the Netherlands has brought upon us a rather curious situation. The Dutch are so similar to us that our languages are even somewhat mutually intelligible. This makes the process of integrating the Netherlands into a part of $COUNTRY$ much easier. As such, we are now accepting Dutch as an accepted culture and they are now part of our national heritage.;;;;;;;;;;;;;x;;;;,,,,,,,,,,,,,,,,,,,,,,,,,,,,
EVTOPTA33010;Lang leve de Nederlandse!;;;;;;;;;;;;;x;;;;,,,,,,,,,,,,,,,,,,,,,,,,,,,,,
EVTNAME33011;Integrating Switzerland;;;;;;;;;;;;;x;;;;,,,,,,,,,,,,,,,,,,,,,,,,,,,,,
EVTDESC33011;Our acquisition of Switzerland has brought upon us a rather curious situation. The Swiss are so similar to us that they even speak our language. This makes the process of integrating Switzerland into a part of $COUNTRY$ much easier. As such, we are now accepting Swiss as an accepted culture and they are now part of our national heritage.;;;;;;;;;;;;;x;;;;,,,,,,,,,,,,,,,,,,,,,,,,,,,,
EVTOPTA33011;Lang lebe der Schweizer!;;;;;;;;;;;;;x;;;;,,,,,,,,,,,,,,,,,,,,,,,,,,,,,
EVTNAME33025;The Spanish Pacific;;;;;;;;;;;;;x;;;;,,,,,,,,,,,,,,,,,,,,,,,,,,,,,
EVTDESC33025;TODO;;;;;;;;;;;;;x;;;;,,,,,,,,,,,,,,,,,,,,,,,,,,,,,
EVTOPTA33025;TODO;;;;;;;;;;;;;x;;;;,,,,,,,,,,,,,,,,,,,,,,,,,,,,,
EVTOPTB33025;TODO;;;;;;;;;;;;;x;;;;,,,,,,,,,,,,,,,,,,,,,,,,,,,,,
EVTNAME33026;TODO;;;;;;;;;;;;;x;;;;,,,,,,,,,,,,,,,,,,,,,,,,,,,,,
EVTDESC33026;TODO;;;;;;;;;;;;;x;;;;,,,,,,,,,,,,,,,,,,,,,,,,,,,,,
EVTOPTA33026;TODO;;;;;;;;;;;;;x;;;;,,,,,,,,,,,,,,,,,,,,,,,,,,,,,
EVTNAME33027;TODO;;;;;;;;;;;;;x;;;;,,,,,,,,,,,,,,,,,,,,,,,,,,,,,
EVTDESC33027;TODO;;;;;;;;;;;;;x;;;;,,,,,,,,,,,,,,,,,,,,,,,,,,,,,
EVTOPTA33027;TODO;;;;;;;;;;;;;x;;;;,,,,,,,,,,,,,,,,,,,,,,,,,,,,,
# SWHFlavor.txt;;;;;;;;;;;;;;x;;;;,,,,,,,,,,,,,,,,,,,,,,,,,,,,,
EVTNAME33100;Duchy of Holstein;;;;;;;;;;;;;x;;;;,,,,,,,,,,,,,,,,,,,,,,,,,,,,,
EVTDESC33100;TODO;;;;;;;;;;;;;x;;;;,,,,,,,,,,,,,,,,,,,,,,,,,,,,,
EVTOPTA33100;We will be great again one day!;;;;;;;;;;;;;x;;;;,,,,,,,,,,,,,,,,,,,,,,,,,,,,,
EVTNAME33101;Duchy of Schleswig;;;;;;;;;;;;;x;;;;,,,,,,,,,,,,,,,,,,,,,,,,,,,,,
EVTDESC33101;TODO;;;;;;;;;;;;;x;;;;,,,,,,,,,,,,,,,,,,,,,,,,,,,,,
EVTOPTA33101;We will be great again one day!;;;;;;;;;;;;;x;;;;,,,,,,,,,,,,,,,,,,,,,,,,,,,,,
# PRUFlavor.txt;;;;;;;;;;;;;;x;;;;,,,,,,,,,,,,,,,,,,,,,,,,,,,,,
EVTNAME34610;The Sigmaringen Revolution;;;;;;;;;;;;x;;;;,,,,,,,,,,,,,,,,,,,,,,,,,,,,,
EVTDESC34610;The County of Hohenzollern-Sigmaringen was created in 1576, upon the partition of the County of Hohenzollern, a fief of the Holy Roman Empire. When the last count of Hohenzollern, Charles I (1512–1579) died, the territory was to be divided up between his three sons. The Princes of Hohenzollern-Sigmaringen ruled over a small principality in southwest Germany, with a seat at Sigmaringen Castle. The principality became an independent state in 1815 after the Napoleonic Wars. Its ruler was deposed however in the revolutions of 1848 and his son, Karl Anton, succeeded him, and then turned to Prussia for aid. Prussian troops arrived in August 1849, and in a treaty signed in December Hohenzollern-Sigmaringen was annexed by Prussia, effective in March 1850.;;;;;;;;;;;;x;;;;,,,,,,,,,,,,,,,,,,,
EVTOPTA34610;Oh well.;;;;;;;;;;;;x;;;;,,,,,,,,,,,,,,,,,,,,,,,,,,,,,
EVTOPTA34611;Perfect!;;;;;;;;;;;;x;;;;,,,,,,,,,,,,,,,,,,,,,,,,,,,,,
EVTNAME34612;The Neuchatel Revolution;;;;;;;;;;;;x;;;;,,,,,,,,,,,,,,,,,,,,,,,,,,,,,
EVTDESC34612;At the turn of the 18th to 19th century, the King of Prussia was defeated by Napoleon I and was forced to give up Neuchâtel in order to keep Hanover. Napoleon's fieldmarshal, Berthier, became Prince of Neuchâtel, building roads and restoring infrastructure, but never actually setting foot in his domain. After the fall of Napoleon, Frederick William III of Prussia reasserted his rights by proposing that Neuchâtel be linked with the other Swiss cantons (the better to exert influence over all of them). On September 12,1814, Neuchâtel became the capital of the 21st canton, but also remained a Prussian principality. It took a bloodless revolution in the decades following for Neuchâtel to shake off its princely past and declare itself, on March 1,1848, a republic within the Swiss Confederation.;;;;;;;;;;;;x;;;;,,,,,,,,,,,,,,,,,
EVTNAME34614;Schleswig Dispute;;;;;;;;;;;;x;;;;,,,,,,,,,,,,,,,,,,,,,,,,,,,,,
EVTDESC34614;TODO;;;;;;;;;;;;x;;;;,,,,,,,,,,,,,,,,,,,,,,,,,,,,,
EVTOPTA34614;Schleswig shall be our's!;;;;;;;;;;;;x;;;;,,,,,,,,,,,,,,,,,,,,,,,,,,,,,
EVTOPTB34614;It's best to leave the issue be.;;;;;;;;;;;;x;;;;,,,,,,,,,,,,,,,,,,,,,,,,,,,,,
# ITAFlavor.txt;;;;;;;;;;;;;;x;;;;,,,,,,,,,,,,,,,,,,,,,,,,,,,,,
EVTNAME35310;TODO;;;;;;;;;;;;;x;;;;,,,,,,,,,,,,,,,,,,,,,,,,,,,,,
EVTDESC35310;TODO;;;;;;;;;;;;;x;;;;,,,,,,,,,,,,,,,,,,,,,,,,,,,,,
EVTOPTA35310;TODO;;;;;;;;;;;;;x;;;;,,,,,,,,,,,,,,,,,,,,,,,,,,,,,
EVTNAME35311;TODO;;;;;;;;;;;;;x;;;;,,,,,,,,,,,,,,,,,,,,,,,,,,,,,
EVTDESC35311;TODO;;;;;;;;;;;;;x;;;;,,,,,,,,,,,,,,,,,,,,,,,,,,,,,
EVTOPTA35311;TODO;;;;;;;;;;;;;x;;;;,,,,,,,,,,,,,,,,,,,,,,,,,,,,,
# DENFlavor.txt;;;;;;;;;;;;;;x;;;;,,,,,,,,,,,,,,,,,,,,,,,,,,,,,
EVTNAME36200;The November Constitution;;;;;;;;;;;;;x;;;;,,,,,,,,,,,,,,,,,,,,,,,,,,,,,
EVTDESC36200;Danish King Frederick VII has died and left no heir. According to the recently-drafted constitution, the crowns of both Denmark and Schleswig would pass to Duke Christian of Glücksburg, making Schleswig a territory of Denmark. The crown of Holstein is more problematic, however. The Germanic House of Augustenburg claims the crowns of both Schleswig and Holstein and is calling on all of Germany for support. If the new constitution is signed, Schleswig-Holstein will be officially divided, and this could provoke a war with the German nations. If the constitution is not signed, it will surely be interpreted as a sign of weakness among the Danish people and the world.;;;;;;;;;;;;;x;;;;,,,,,,,,,,,,,,,,,,,,,,,
EVTOPTA36200;Sign the constitution.;;;;;;;;;;;;;x;;;;,,,,,,,,,,,,,,,,,,,,,,,,,,,,,
EVTOPTB36200;Don't sign the constitution.;;;;;;;;;;;;;x;;;;,,,,,,,,,,,,,,,,,,,,,,,,,,,,,
EVTDESC36201;TODO;;;;;;;;;;;;;x;;;;,,,,,,,,,,,,,,,,,,,,,,,,,,,,,
EVTOPTA36201;Support House Augustenburg;;;;;;;;;;;;;x;;;;,,,,,,,,,,,,,,,,,,,,,,,,,,,,,
EVTOPTB36201;Don't get involved;;;;;;;;;;;;;x;;;;,,,,,,,,,,,,,,,,,,,,,,,,,,,,,
# BELFlavor.txt;;;;;;;;;;;;;;x;;;;,,,,,,,,,,,,,,,,,,,,,,,,,,,,,
EVTNAME36707;County of Flanders;;;;;;;;;;;;;x;;;;,,,,,,,,,,,,,,,,,,,,,,,,,,,,,
EVTDESC36707;Belgium has been reduced and $COUNTRY$ is all that is left. Because of this, it is no longer appropriate that we identify ourselves as Belgium, but rather as the County of $COUNTRY$.;;;;;;;;;;;;;x;;;;,,,,,,,,,,,,,,,,,,,,,,,,,,,
EVTOPTA36707;I was getting tired of the Walloons anyway.;;;;;;;;;;;;;x;;;;,,,,,,,,,,,,,,,,,,,,,,,,,,,,,
EVTNAME36708;Wallonia;;;;;;;;;;;;;x;;;;,,,,,,,,,,,,,,,,,,,,,,,,,,,,,
EVTDESC36708;Belgium has been reduced and $COUNTRY$ is all that is left. Because of this, it is no longer appropriate that we identify ourselves as Belgium, but rather as $COUNTRY$.;;;;;;;;;;;;;x;;;;,,,,,,,,,,,,,,,,,,,,,,,,,,,
EVTOPTA36708;We shall be great again one day!;;;;;;;;;;;;;x;;;;,,,,,,,,,,,,,,,,,,,,,,,,,,,,,
EVTNAME36709;The Treaty of London;;;;;;;;;;;;;x;;;;,,,,,,,,,,,,,,,,,,,,,,,,,,,,,
EVTDESC36709;With the Netherlands as the final signatory of the Treaty of London, we now have the guaranteed independence of all the Great Powers of Europe. Further more, some territorial changes were in order to reduce the likelihood of any possible conflict with our northern neighbour; a change we were more than happy to accept.;;;;;;;;;;;;;x;;;;,,,,,,,,,,,,,,,,,,,,,,,,,,,
EVTOPTA36709;It's as we hoped!;;;;;;;;;;;;;x;;;;,,,,,,,,,,,,,,,,,,,,,,,,,,,,,
# FRAFlavor.txt;;;;;;;;;;;;;;x;;;;,,,,,,,,,,,,,,,,,,,,,,,,,,,,,
EVTNAME37226;Integrating Wallonia;;;;;;;;;;;;;x;;;;,,,,,,,,,,,,,,,,,,,,,,,,,,,,,
EVTDESC37226;Our acquisition of Wallonia has brought upon us a rather curious situation. The Walloons are so similar to us that our languages are even somewhat mutually intelligible. This makes the process of integrating Wallonia into a part of $COUNTRY$ much easier. As such, we are now accepting Wallonian as an accepted culture and they are now part of our national heritage.;;;;;;;;;;;;;x;;;;,,,,,,,,,,,,,,,,,,,,,,,,,,,,
EVTOPTA37226;Vive les Wallons!;;;;;;;;;;;;;x;;;;,,,,,,,,,,,,,,,,,,,,,,,,,,,,,
EVTNAME37230;The French Revolution;;;;;;;;;;;;;x;;;;,,,,,,,,,,,,,,,,,,,,,,,,,,,,,
EVTDESC37230;TODO;;;;;;;;;;;;;x;;;;,,,,,,,,,,,,,,,,,,,,,,,,,,,,,
EVTOPTA37230;Liberté! Égalité! Fraternité!;;;;;;;;;;;;;x;;;;,,,,,,,,,,,,,,,,,,,,,,,,,,,,,
EVTNAME37231;Louis-Napoleon's Coup d'Etat;;;;;;;;;;;;;x;;;;,,,,,,,,,,,,,,,,,,,,,,,,,,,,,
EVTDESC37231;TODO;;;;;;;;;;;;;x;;;;,,,,,,,,,,,,,,,,,,,,,,,,,,,,,
EVTOPTA37231;Vive le deuxième Empire!;;;;;;;;;;;;;x;;;;,,,,,,,,,,,,,,,,,,,,,,,,,,,,,
EVTNAME37232;Emperor Napoleon Deposed;;;;;;;;;;;;;x;;;;,,,,,,,,,,,,,,,,,,,,,,,,,,,,,
EVTDESC37232;TODO;;;;;;;;;;;;;x;;;;,,,,,,,,,,,,,,,,,,,,,,,,,,,,,
EVTOPTA37232;Vive le troisième République;;;;;;;;;;;;;x;;;;,,,,,,,,,,,,,,,,,,,,,,,,,,,,,
EVTOPTB37232;Favor the Count of Chambord!;;;;;;;;;;;;;x;;;;,,,,,,,,,,,,,,,,,,,,,,,,,,,,,
EVTOPTC37232;Favor the Count of Paris!;;;;;;;;;;;;;x;;;;,,,,,,,,,,,,,,,,,,,,,,,,,,,,,
# SPAFlavor.txt;;;;;;;;;;;;;;x;;;;,,,,,,,,,,,,,,,,,,,,,,,,,,,,,
EVTNAME37703;Offer to Buy Cuba;;;;;;;;;;;;;x;;;;,,,,,,,,,,,,,,,,,,,,,,,,,,,,,
EVTDESC37703;TODO;;;;;;;;;;;;;x;;;;,,,,,,,,,,,,,,,,,,,,,,,,,,,,,
EVTOPTA37703;We have no intentions of selling Cuba.;;;;;;;;;;;;;x;;;;,,,,,,,,,,,,,,,,,,,,,,,,,,,,,
EVTOPTB37703;Yes, let's sell Cuba. We could use the money.;;;;;;;;;;;;;x;;;;,,,,,,,,,,,,,,,,,,,,,,,,,,,,
EVTNAME37704;The Spanish Have Refused;;;;;;;;;;;;;x;;;;,,,,,,,,,,,,,,,,,,,,,,,,,,,,,
EVTDESC37704;TODO;;;;;;;;;;;;;x;;;;,,,,,,,,,,,,,,,,,,,,,,,,,,,,,
EVTOPTA37704;TODO;;;;;;;;;;;;;x;;;;,,,,,,,,,,,,,,,,,,,,,,,,,,,,,
EVTOPTB37704;TODO;;;;;;;;;;;;;x;;;;,,,,,,,,,,,,,,,,,,,,,,,,,,,,,
EVTNAME37705;The Spanish Have Agreed;;;;;;;;;;;;;x;;;;,,,,,,,,,,,,,,,,,,,,,,,,,,,,,
EVTDESC37705;TODO;;;;;;;;;;;;;x;;;;,,,,,,,,,,,,,,,,,,,,,,,,,,,,,
EVTOPTA37705;TODO;;;;;;;;;;;;;x;;;;,,,,,,,,,,,,,,,,,,,,,,,,,,,,,
EVTNAME37710;The Maine Incident;;;;;;;;;;;;;x;;;;,,,,,,,,,,,,,,,,,,,,,,,,,,,,,
EVTDESC37710;TODO;;;;;;;;;;;;;x;;;;,,,,,,,,,,,,,,,,,,,,,,,,,,,,,
EVTOPTA37710;TODO;;;;;;;;;;;;;x;;;;,,,,,,,,,,,,,,,,,,,,,,,,,,,,,
EVTOPTB37710;TODO;;;;;;;;;;;;;x;;;;,,,,,,,,,,,,,,,,,,,,,,,,,,,,,
EVTNAME37711;The Maine Incident;;;;;;;;;;;;;x;;;;,,,,,,,,,,,,,,,,,,,,,,,,,,,,,
EVTDESC37711;TODO;;;;;;;;;;;;;x;;;;,,,,,,,,,,,,,,,,,,,,,,,,,,,,,
EVTOPTA37711;TODO;;;;;;;;;;;;;x;;;;,,,,,,,,,,,,,,,,,,,,,,,,,,,,,
EVTOPTB37711;TODO;;;;;;;;;;;;;x;;;;,,,,,,,,,,,,,,,,,,,,,,,,,,,,,
EVTNAME37715;Dissolution of Hispania;;;;;;;;;;;;;x;;;;,,,,,,,,,,,,,,,,,,,,,,,,,,,,,
EVTDESC37715;TODO;;;;;;;;;;;;;x;;;;,,,,,,,,,,,,,,,,,,,,,,,,,,,,,
EVTOPTA37715;TODO;;;;;;;;;;;;;x;;;;,,,,,,,,,,,,,,,,,,,,,,,,,,,,,
# OMAFlavor.txt;;;;;;;;;;;;;;x;;;;,,,,,,,,,,,,,,,,,,,,,,,,,,,,,
EVTNAME38505;Death of the Sultan;;;;;;;;;;;;;x;;;;,,,,,,,,,,,,,,,,,,,,,,,,,,,,,
EVTDESC38505;TODO;;;;;;;;;;;;;x;;;;,,,,,,,,,,,,,,,,,,,,,,,,,,,,,
EVTOPTA38505;One son shall rule Oman, and the other Zanzibar.;;;;;;;;;;;;;x;;;;,,,,,,,,,,,,,,,,,,,,,,,,,,,,
EVTOPTB38505;Never! Oman must remain united!;;;;;;;;;;;;;x;;;;,,,,,,,,,,,,,,,,,,,,,,,,,,,,,
# USAFlavor.txt;;;;;;;;;;;;;;x;;;;,,,,,,,,,,,,,,,,,,,,,,,,,,,,,
EVTNAME44122;Webster-Ashburton Treaty;;;;;;;;;;;;;x;;;;,,,,,,,,,,,,,,,,,,,,,,,,,,,,,
EVTDESC44122;TODO;;;;;;;;;;;;;x;;;;,,,,,,,,,,,,,,,,,,,,,,,,,,,,,
EVTOPTA44122;TODO;;;;;;;;;;;;;x;;;;,,,,,,,,,,,,,,,,,,,,,,,,,,,,,
EVTNAME44123;The Mormon Exodus;;;;;;;;;;;;;x;;;;,,,,,,,,,,,,,,,,,,,,,,,,,,,,,
EVTDESC44123;TODO;;;;;;;;;;;;;x;;;;,,,,,,,,,,,,,,,,,,,,,,,,,,,,,
EVTOPTA44123;TODO;;;;;;;;;;;;;x;;;;,,,,,,,,,,,,,,,,,,,,,,,,,,,,,
# MEXFlavor.txt;;;;;;;;;;;;;;x;;;;,,,,,,,,,,,,,,,,,,,,,,,,,,,,,
EVTNAME44805;TODO;;;;;;;;;;;;;x;;;;,,,,,,,,,,,,,,,,,,,,,,,,,,,,,
EVTDESC44805;TODO;;;;;;;;;;;;;x;;;;,,,,,,,,,,,,,,,,,,,,,,,,,,,,,
EVTOPTA44805;TODO;;;;;;;;;;;;;x;;;;,,,,,,,,,,,,,,,,,,,,,,,,,,,,,
# JAPFlavor.txt;;;;;;;;;;;;;;x;;;;,,,,,,,,,,,,,,,,,,,,,,,,,,,,,
EVTNAME48500;Hirohito Crowned Emperor;;;;;;;;;;;;x;;;;,,,,,,,,,,,,,,,,,,,,,,,,,,,,,
EVTDESC48500;After the death of the late Emperor Taisho in 1926, having reigned for 14 years, the new Emperor - Hirohito - was crowned new head of the Empire and reigned until his death in 1989.;;;;;;;;;;;;x;;;;,,,,,,,,,,,,,,,,,,,,,,,,,,,
EVTOPTA48500;Long live the Emperor!;;;;;;;;;;;;x;;;;,,,,,,,,,,,,,,,,,,,,,,,,,,,,,
# UCAFlavor.txt;;;;;;;;;;;;;;x;;;;,,,,,,,,,,,,,,,,,,,,,,,,,,,,,
EVTNAME49000;Dissolution of the United Provinces;;;;;;;;;;;;;x;;;;,,,,,,,,,,,,,,,,,,,,,,,,,,,,,
EVTDESC49000;TODO;;;;;;;;;;;;;x;;;;,,,,,,,,,,,,,,,,,,,,,,,,,,,,,
EVTOPTA49000;TODO;;;;;;;;;;;;;x;;;;,,,,,,,,,,,,,,,,,,,,,,,,,,,,,
# CZHFlavor.txt;;;;;;;;;;;;;;x;;;;,,,,,,,,,,,,,,,,,,,,,,,,,,,,,
EVTNAME49050;Dissolution of Czechoslovakia;;;;;;;;;;;;;x;;;;,,,,,,,,,,,,,,,,,,,,,,,,,,,,,
EVTDESC49050;TODO;;;;;;;;;;;;;x;;;;,,,,,,,,,,,,,,,,,,,,,,,,,,,,,
EVTOPTA49050;TODO;;;;;;;;;;;;;x;;;;,,,,,,,,,,,,,,,,,,,,,,,,,,,,,
EVTNAME49051;Dissolution of Czechoslovakia;;;;;;;;;;;;;x;;;;,,,,,,,,,,,,,,,,,,,,,,,,,,,,,
EVTDESC49051;TODO;;;;;;;;;;;;;x;;;;,,,,,,,,,,,,,,,,,,,,,,,,,,,,,
EVTOPTA49051;TODO;;;;;;;;;;;;;x;;;;,,,,,,,,,,,,,,,,,,,,,,,,,,,,,
# LIBFlavor.txt;;;;;;;;;;;;;;x;;;;,,,,,,,,,,,,,,,,,,,,,,,,,,,,,
EVTNAME49100;Settlement Expansion;;;;;;;;;;;;;x;;;;,,,,,,,,,,,,,,,,,,,,,,,,,,,,,
EVTDESC49100;With the invention of new technology, the time is now ripe to settle the whole of Africa. Because of this, we have established three new settlements in our neighbouring area.;;;;;;;;;;;;;x;;;;,,,,,,,,,,,,,,,,,,,,,,,,,,,
EVTOPTA49100;This is merely the first step. The next: all of Africa!;;;;;;;;;;;;;x;;;;,,,,,,,,,,,,,,,,,,,,,,,,,,,,,
# PostWarEvents.txt;;;;;;;;;;;;;;x;;;;,,,,,,,,,,,,,,,,,,,,,,,,,,,,,
EVTNAME50000;The League of Nations;;;;;;;;;;;;;x;;;;,,,,,,,,,,,,,,,,,,,,,,,,,,,,,
EVTDESC50000;TODO;;;;;;;;;;;;;x;;;;,,,,,,,,,,,,,,,,,,,,,,,,,,,,,
EVTOPTA50000;TODO;;;;;;;;;;;;;x;;;;,,,,,,,,,,,,,,,,,,,,,,,,,,,,,
EVTNAME50005;Mein Kampf;;;;;;;;;;;;;x;;;;,,,,,,,,,,,,,,,,,,,,,,,,,,,,,
EVTDESC50005;An old soldier who fought for us in the Great War has written a book describing the injustices our people have experienced at the hands of the victors and how we as a people can recover our rights and lift our nation once more into greatness. The book has gained prominence rather quickly and the author is beginning to gain a following. The doctrine of National Socialism has been written.;;;;;;;;;;;;;x;;;;,,,,,,,,,,,,,,,,,,,,,,,,,,,,,
EVTOPTA50005;An interesting read, I am sure.;;;;;;;;;;;;;x;;;;,,,,,,,,,,,,,,,,,,,,,,,,,,,,
# ArmsRace.txt;;;;;;;;;;;;;;x;;;;,,,,,,,,,,,,,,,,,,,,,,,,,,,,,
EVTNAME55000;Naval Arms Race;;;;;;;;;;;;;x;;;;,,,,,,,,,,,,,,,,,,,,,,,,,,,,,
EVTDESC55000;TODO;;;;;;;;;;;;;x;;;;,,,,,,,,,,,,,,,,,,,,,,,,,,,,,
EVTOPTA55000;We want eight (dreadnoughts) and we won't wait!;;;;;;;;;;;;;x;;;;,,,,,,,,,,,,,,,,,,,,,,,,,,,,,
EVTNAME55010;Land Arms Race;;;;;;;;;;;;;x;;;;,,,,,,,,,,,,,,,,,,,,,,,,,,,,,
EVTDESC55010;TODO;;;;;;;;;;;;;x;;;;,,,,,,,,,,,,,,,,,,,,,,,,,,,,,
EVTOPTA55010;We shall outnumber them, we shall outgun them, we shall defeat them!;;;;;;;;;;;;;x;;;;,,,,,,,,,,,,,,,,,,,,,,,,,,,
# CleanUp.txt;;;;;;;;;;;;;;x;;;;,,,,,,,,,,,,,,,,,,,,,,,,,,,,,
EVTNAME60160;War Is Upon Us;;;;;;;;;;;;;x;;;;,,,,,,,,,,,,,,,,,,,,,,,,,,,,,
EVTDESC60160;War, war is upon us! We should mobilize fast!;;;;;;;;;;;;;x;;;;,,,,,,,,,,,,,,,,,,,,,,,,,,,,
EVTOPTA60160;Volunteer Army;;;;;;;;;;;;;x;;;;,,,,,,,,,,,,,,,,,,,,,,,,,,,,,
EVTOPTB60160;One Year Draft;;;;;;;;;;;;;x;;;;,,,,,,,,,,,,,,,,,,,,,,,,,,,,,
EVTOPTC60160;Two Year Draft;;;;;;;;;;;;;x;;;;,,,,,,,,,,,,,,,,,,,,,,,,,,,,,
EVTOPTD60160;Four Year Draft;;;;;;;;;;;;;x;;;;,,,,,,,,,,,,,,,,,,,,,,,,,,,,,
EVTOPTE60160;Mandatory Service;;;;;;;;;;;;;x;;;;,,,,,,,,,,,,,,,,,,,,,,,,,,,,,
EVTNAME60161;The War Has Ended;;;;;;;;;;;;;x;;;;,,,,,,,,,,,,,,,,,,,,,,,,,,,,,
EVTDESC60161;The war has ended, and whether or not we won or lost, many are questioning whether the draft is necessary still.;;;;;;;;;;;;;x;;;;,,,,,,,,,,,,,,,,,,,,,,,,,,,
EVTOPTA60161;Relax the draft.;;;;;;;;;;;;;x;;;;,,,,,,,,,,,,,,,,,,,,,,,,,,,,,
EVTOPTB60161;It's dangerous to go alone. Keep the draft.;;;;;;;;;;;;;x;;;;,,,,,,,,,,,,,,,,,,,,,,,,,,,,,
# Schleswig-Holstein wars - Schleswig-Holstein.txt;;;;;;;;;;;;;;x;;;;,,,,,,,,,,,,,,,,,,,,,,,,,,,,,
EVTNAME90110;The Schleswig-Holstein Rebellion;;;;;;;;;;;;x;;;;,,,,,,,,,,,,,,,,,,,,,,,,,,,,,
EVTDESC90110;It appears we have mistook a demonstration for a revolt and wrongly assumed the Danish king to have abdicated! Unfortunately we've already established a provisional government and the Danes believe that we are rebelling!;;;;;;;;;;;;x;;;;,,,,,,,,,,,,,,,,,,,,,,,,,,,,,
EVTNAME90115;The Schleswig-Holstein Rebellion;;;;;;;;;;;;x;;;;,,,,,,,,,,,,,,,,,,,,,,,,,,,,,
EVTDESC90115;Schleswig-Holstein have mistook a demonstration for a revolt and believe the Danish king to have abdicated. As a result, German nationalists have declared a provisional government. Rather than peacefully return control to us, they intend to pursue a future with the German Confederation to the south. $COUNTRY_ADJ$ militants are angrily calling for the military to step in, though some fear this may lead to war with the Germans.;;;;;;;;;;;;x;;;;,,,,,,,,,,,,,,,,,,,,,,,,,,
EVTNAME90120;The Schleswig-Holstein Rebellion;;;;;;;;;;;;x;;;;,,,,,,,,,,,,,,,,,,,,,,,,,,,,,
EVTDESC90120;Schleswig-Holstein have mistook a demonstration for a revolt and believe the Danish king to have abdicated. As a result, German nationalists have declared a provisional government. Rather than peacefully return control to Denmark, they intend to pursue a future with the German Confederation. If we intervene we will gain the favor of Schleswig-Holstein, but we run the risk of elevating the confrontation.;;;;;;;;;;;;x;;;;,,,,,,,,,,,,,,,,,,,,,,,,,,
EVTNAME90125;;;;;;;;;;;;;x;;;;,,,,,,,,,,,,,,,,,,,,,,,,,,,,,
EVTDESC90125;;;;;;;;;;;;;x;;;;,,,,,,,,,,,,,,,,,,,,,,,,,,,,,
EVTNAME90130;;;;;;;;;;;;;x;;;;,,,,,,,,,,,,,,,,,,,,,,,,,,,,,
EVTDESC90130;;;;;;;;;;;;;x;;;;,,,,,,,,,,,,,,,,,,,,,,,,,,,,,
EVTNAME90135;;;;;;;;;;;;;x;;;;,,,,,,,,,,,,,,,,,,,,,,,,,,,,,
EVTDESC90135;;;;;;;;;;;;;x;;;;,,,,,,,,,,,,,,,,,,,,,,,,,,,,,
EVTNAME90140;;;;;;;;;;;;;x;;;;,,,,,,,,,,,,,,,,,,,,,,,,,,,,,
EVTDESC90140;;;;;;;;;;;;;x;;;;,,,,,,,,,,,,,,,,,,,,,,,,,,,,,
EVTNAME90145;The November Constitution;;;;;;;;;;;;x;;;;,,,,,,,,,,,,,,,,,,,,,,,,,,,,,
EVTDESC90145;;;;;;;;;;;;;x;;;;,,,,,,,,,,,,,,,,,,,,,,,,,,,,,
EVTNAME90150;The Annexation of Schleswig;;;;;;;;;;;;x;;;;,,,,,,,,,,,,,,,,,,,,,,,,,,,,,
EVTDESC90150;The $FROMCOUNTRY_ADJ$ crown wishes to annex the Duchy of Schleswig, which has long been considered indivisible from the Duchy of Holstein. Our German aristocracy is enraged by this move. They believe their future lies with the German Confederation to the south, but the Duke of Augustenberg has a stronger claim to Schleswig than the $FROMCOUNTRY_ADJ$ King. We must forge our own path, even if it means war.;;;;;;;;;;;;x;;;;,,,,,,,,,,,,,,,,,,,,,,,,,,
EVTNAME90155;The Unsigned November Constitution;;;;;;;;;;;;x;;;;,,,,,,,,,,,,,,,,,,,,,,,,,,,,,
EVTDESC90155;The old Danish king died without an heir, and Denmark was forced to draft a new constitution since that meant the end of their monarchy. Facing pressure and fearing reprisal from the German powers to the south, the newly elected Danish king has decided not to sign the recently-drafted constitution.;;;;;;;;;;;;x;;;;,,,,,,,,,,,,,,,,,,,,,,,,,,,
EVTNAME90160;War for Schleswig;;;;;;;;;;;;x;;;;,,,,,,,,,,,,,,,,,,,,,,,,,,,,,
EVTDESC90160;The duchies of Schleswig and Holstein have long been united and considered indivisible under the Danish crown, but a question of royal claim to the duchies combined with the Holsteinian desire to join in the larger German Confederation to the south has led to considerable difficulty for King Frederick VII. The treatment of Danish people in Schleswig living under Holsteinian domination has led to a call for the duchy to be incorporated into Danish proper. This is unlikely to be looked on favorably by the conservative German aristocracy in Holstein. With the recently-drafted November constitution, the new Danish king has laid claims on Schleswig. Schleswig-Holstein is now fighting a war for independence and call on us to support them in their time of need.;;;;;;;;;;;;x;;;;,,,,,,,,,,,,,,,,,,,,,,,,,,,
EVTNAME90165;;;;;;;;;;;;;x;;;;,,,,,,,,,,,,,,,,,,,,,,,,,,,,,
EVTDESC90165;;;;;;;;;;;;;x;;;;,,,,,,,,,,,,,,,,,,,,,,,,,,,,,
EVTNAME90170;Victory!;;;;;;;;;;;;x;;;;,,,,,,,,,,,,,,,,,,,,,,,,,,,,,
EVTDESC90170;We have won and the Danish have signed the Tready of Vienna, henceforth we are no longer bound to them! Now we will unify with the German confederation.;;;;;;;;;;;;x;;;;,,,,,,,,,,,,,,,,,,,,,,,,,,,,
EVTNAME90175;;;;;;;;;;;;;x;;;;,,,,,,,,,,,,,,,,,,,,,,,,,,,,,
EVTDESC90175;;;;;;;;;;;;;x;;;;,,,,,,,,,,,,,,,,,,,,,,,,,,,,,
EVTNAME90180;;;;;;;;;;;;;x;;;;,,,,,,,,,,,,,,,,,,,,,,,,,,,,,
EVTDESC90180;;;;;;;;;;;;;x;;;;,,,,,,,,,,,,,,,,,,,,,,,,,,,,,
EVTNAME90185;;;;;;;;;;;;;x;;;;,,,,,,,,,,,,,,,,,,,,,,,,,,,,,
EVTDESC90185;;;;;;;;;;;;;x;;;;,,,,,,,,,,,,,,,,,,,,,,,,,,,,,
EVTNAME90190;Gastein Convention;;;;;;;;;;;;x;;;;,,,,,,,,,,,,,,,,,,,,,,,,,,,,,
EVTDESC90190;Now that the Danish have been defeated, signed the Treaty of Vienna and paid £200,000 in war reparations, the spoils of war must be split. The Gastein Convention was held at Bad Gastein, Austria on August 20, 1865 and stipulated the governing of Schleswig and Holstein between Prussia and Austria. The terms of the convention were as follows: \nAbandoning the condominium state of Schleswig and Holstein\nPrussian control of Schleswig\nAustrian control of Holstein\nThe purchase of Lauenburg for £300,000 by Prussia;;;;;;;;;;;;x;;;;,,,,,,,,,,,,,,,,,,,,,,,
EVTDESC60162;Today crowds gathered in $CAPITAL$ to celebrate $COUNTRY$'s independence. In the modern world, independence can be a fleeting thing, so we must enjoy it while we can. Today, $COUNTRY_ADJ$ flags wave from every window and corner, and jubilant citizens sing the $COUNTRY_ADJ$ anthem. It is a heartfelt theme that speaks of better tomorrows.;;;;;;;;;;;;x,,,,,,,,,,,,,,,,,,,,,,,,,
EVTNAME123456;The Russian Civil War;;;;;;;;;;;;x;;;;,,,,,,,,,,,,,,,,,,,,,,,,,,,,,
EVTDESC123456;The Bolsheviks have started a revolution in our country to topple the existing government and a civil war has emerged;;;;;;;;;;;;x;;;;,,,,,,,,,,,,,,,,,,,,,,,,,,,,,
EVTOPTA123456;Crush the Bolshevik scum and bring order to Russia! (WHITE RUSSIA);;;;;;;;;;;;x;;;;,,,,,,,,,,,,,,,,,,,,,,,,,,,,,
EVTOPTB123456;Peace. Land and Bread. ,Comrades we have nothing to lose but our chains! (SOVIET UNION);;;;;;;;;;;;x;;;;,,,,,,,,,,,,,,,,,,,,,,,,,,,,
EVTDESC443034;Conscripts are being drafted left and right and the poor are being trained and prepared to fight. Military camps are full of fresh recruits, troops are carrying out exercises in our borders and every aspect of society and every signal the government gives seems to indicate a war is in progress, yet there's no war. This large disruption in the country's daily life is angering our population and making our neighbors increasingly wary.;;;;;;;;;;;x,,,,,,,,,,,,,,,,,,,,,,,,,,,
EVT443034OPTA;These are just harmless exercises.;;;;;;;;;;;x,,,,,,,,,,,,,,,,,,,,,,,,,,,,,
